event_id,track_idx,predicted_label,predicted_pdg
0.0,0.0,muon,13
0.0,1.0,muon,13
1.0,0.0,muon,13
1.0,1.0,proton,2212
2.0,0.0,muon,13
2.0,1.0,pion,211
3.0,0.0,muon,13
3.0,1.0,pion,211
4.0,0.0,muon,13
4.0,1.0,other,0
5.0,0.0,muon,13
5.0,1.0,pion,211
6.0,0.0,muon,13
6.0,1.0,muon,13
6.0,2.0,pion,211
7.0,0.0,other,0
7.0,1.0,other,0
8.0,0.0,muon,13
8.0,1.0,other,0
9.0,0.0,pion,211
9.0,1.0,pion,211
10.0,0.0,muon,13
10.0,1.0,pion,211
10.0,2.0,proton,2212
11.0,0.0,muon,13
11.0,1.0,pion,211
12.0,0.0,pion,211
12.0,1.0,proton,2212
13.0,0.0,muon,13
13.0,1.0,other,0
14.0,0.0,muon,13
14.0,1.0,muon,13
15.0,0.0,other,0
15.0,1.0,electron,11
16.0,0.0,muon,13
16.0,1.0,pion,211
17.0,0.0,proton,2212
17.0,1.0,proton,2212
18.0,0.0,muon,13
18.0,1.0,pion,211
19.0,0.0,muon,13
19.0,1.0,proton,2212
20.0,0.0,proton,2212
20.0,1.0,pion,211
21.0,0.0,pion,211
21.0,1.0,other,0
22.0,0.0,pion,211
22.0,1.0,other,0
23.0,0.0,proton,2212
23.0,1.0,electron,11
24.0,0.0,muon,13
24.0,1.0,muon,13
25.0,0.0,muon,13
25.0,1.0,other,0
26.0,0.0,pion,211
26.0,1.0,electron,11
27.0,0.0,muon,13
27.0,1.0,muon,13
28.0,0.0,muon,13
28.0,1.0,other,0
29.0,0.0,muon,13
29.0,1.0,muon,13
30.0,0.0,muon,13
30.0,1.0,muon,13
31.0,0.0,muon,13
31.0,1.0,other,0
31.0,2.0,pion,211
32.0,0.0,muon,13
32.0,1.0,proton,2212
32.0,2.0,pion,211
33.0,0.0,muon,13
33.0,1.0,proton,2212
34.0,0.0,proton,2212
34.0,1.0,proton,2212
35.0,0.0,muon,13
35.0,1.0,muon,13
36.0,0.0,muon,13
36.0,1.0,muon,13
37.0,0.0,muon,13
37.0,1.0,muon,13
38.0,0.0,muon,13
38.0,1.0,muon,13
39.0,0.0,muon,13
39.0,1.0,electron,11
40.0,0.0,muon,13
40.0,1.0,muon,13
41.0,0.0,other,0
41.0,1.0,other,0
41.0,2.0,other,0
42.0,0.0,muon,13
42.0,1.0,muon,13
42.0,2.0,pion,211
43.0,0.0,pion,211
43.0,1.0,pion,211
44.0,0.0,pion,211
44.0,1.0,pion,211
45.0,0.0,muon,13
45.0,1.0,other,0
46.0,0.0,proton,2212
46.0,1.0,electron,11
47.0,0.0,muon,13
47.0,1.0,muon,13
48.0,0.0,muon,13
48.0,1.0,proton,2212
49.0,0.0,muon,13
49.0,1.0,muon,13
50.0,0.0,muon,13
50.0,1.0,muon,13
51.0,0.0,muon,13
51.0,1.0,pion,211
52.0,0.0,muon,13
52.0,1.0,proton,2212
53.0,0.0,proton,2212
53.0,1.0,other,0
54.0,0.0,muon,13
54.0,1.0,proton,2212
55.0,0.0,pion,211
55.0,1.0,pion,211
56.0,0.0,pion,211
56.0,1.0,pion,211
56.0,2.0,other,0
57.0,0.0,muon,13
57.0,1.0,muon,13
58.0,0.0,pion,211
58.0,1.0,other,0
59.0,0.0,muon,13
59.0,1.0,muon,13
60.0,0.0,muon,13
60.0,1.0,electron,11
60.0,2.0,proton,2212
61.0,0.0,muon,13
61.0,1.0,proton,2212
62.0,0.0,muon,13
62.0,1.0,muon,13
63.0,0.0,pion,211
63.0,1.0,other,0
64.0,0.0,proton,2212
64.0,1.0,muon,13
65.0,0.0,muon,13
65.0,1.0,pion,211
66.0,0.0,other,0
66.0,1.0,electron,11
67.0,0.0,muon,13
67.0,1.0,other,0
68.0,0.0,muon,13
68.0,1.0,muon,13
69.0,0.0,muon,13
69.0,1.0,pion,211
70.0,0.0,electron,11
70.0,1.0,other,0
71.0,0.0,muon,13
71.0,1.0,muon,13
72.0,0.0,muon,13
72.0,1.0,proton,2212
73.0,0.0,pion,211
73.0,1.0,pion,211
74.0,0.0,muon,13
74.0,1.0,pion,211
75.0,0.0,other,0
75.0,1.0,pion,211
76.0,0.0,muon,13
76.0,1.0,other,0
77.0,0.0,muon,13
77.0,1.0,other,0
78.0,0.0,muon,13
78.0,1.0,pion,211
79.0,0.0,pion,211
79.0,1.0,other,0
80.0,0.0,muon,13
80.0,1.0,proton,2212
81.0,0.0,pion,211
81.0,1.0,proton,2212
82.0,0.0,muon,13
82.0,1.0,pion,211
83.0,0.0,muon,13
83.0,1.0,other,0
84.0,0.0,muon,13
84.0,1.0,other,0
84.0,2.0,other,0
85.0,0.0,muon,13
85.0,1.0,pion,211
86.0,0.0,pion,211
86.0,1.0,muon,13
86.0,2.0,pion,211
87.0,0.0,muon,13
87.0,1.0,muon,13
88.0,0.0,proton,2212
88.0,1.0,proton,2212
89.0,0.0,electron,11
89.0,1.0,other,0
90.0,0.0,muon,13
90.0,1.0,muon,13
91.0,0.0,muon,13
91.0,1.0,proton,2212
92.0,0.0,pion,211
92.0,1.0,other,0
92.0,2.0,other,0
93.0,0.0,muon,13
93.0,1.0,muon,13
94.0,0.0,muon,13
94.0,1.0,pion,211
95.0,0.0,muon,13
95.0,1.0,pion,211
96.0,0.0,proton,2212
96.0,1.0,proton,2212
97.0,0.0,muon,13
97.0,1.0,muon,13
98.0,0.0,muon,13
98.0,1.0,electron,11
99.0,0.0,muon,13
99.0,1.0,other,0
100.0,0.0,muon,13
100.0,1.0,muon,13
101.0,0.0,proton,2212
101.0,1.0,other,0
102.0,0.0,muon,13
102.0,1.0,proton,2212
103.0,0.0,muon,13
103.0,1.0,proton,2212
104.0,0.0,muon,13
104.0,1.0,pion,211
105.0,0.0,muon,13
105.0,1.0,muon,13
106.0,0.0,other,0
106.0,1.0,other,0
107.0,0.0,muon,13
107.0,1.0,proton,2212
108.0,0.0,muon,13
108.0,1.0,muon,13
109.0,0.0,muon,13
109.0,1.0,muon,13
110.0,0.0,proton,2212
110.0,1.0,other,0
111.0,0.0,muon,13
111.0,1.0,proton,2212
112.0,0.0,muon,13
112.0,1.0,other,0
113.0,0.0,muon,13
113.0,1.0,muon,13
114.0,0.0,pion,211
114.0,1.0,other,0
115.0,0.0,muon,13
115.0,1.0,pion,211
116.0,0.0,muon,13
116.0,1.0,muon,13
117.0,0.0,muon,13
117.0,1.0,other,0
118.0,0.0,proton,2212
118.0,1.0,muon,13
119.0,0.0,proton,2212
119.0,1.0,proton,2212
120.0,0.0,pion,211
120.0,1.0,pion,211
121.0,0.0,muon,13
121.0,1.0,pion,211
122.0,0.0,muon,13
122.0,1.0,other,0
123.0,0.0,muon,13
123.0,1.0,other,0
124.0,0.0,pion,211
124.0,1.0,pion,211
125.0,0.0,muon,13
125.0,1.0,other,0
126.0,0.0,muon,13
126.0,1.0,muon,13
127.0,0.0,other,0
127.0,1.0,other,0
128.0,0.0,muon,13
128.0,1.0,pion,211
129.0,0.0,muon,13
129.0,1.0,proton,2212
130.0,0.0,muon,13
130.0,1.0,pion,211
131.0,0.0,muon,13
131.0,1.0,other,0
132.0,0.0,muon,13
132.0,1.0,electron,11
133.0,0.0,pion,211
133.0,1.0,proton,2212
134.0,0.0,muon,13
134.0,1.0,proton,2212
135.0,0.0,muon,13
135.0,1.0,electron,11
136.0,0.0,muon,13
136.0,1.0,muon,13
137.0,0.0,electron,11
137.0,1.0,electron,11
138.0,0.0,muon,13
138.0,1.0,proton,2212
139.0,0.0,muon,13
139.0,1.0,pion,211
140.0,0.0,other,0
140.0,1.0,other,0
141.0,0.0,pion,211
141.0,1.0,other,0
142.0,0.0,pion,211
142.0,1.0,proton,2212
143.0,0.0,pion,211
143.0,1.0,muon,13
144.0,0.0,proton,2212
144.0,1.0,proton,2212
145.0,0.0,muon,13
145.0,1.0,other,0
145.0,2.0,proton,2212
146.0,0.0,muon,13
146.0,1.0,pion,211
146.0,2.0,proton,2212
147.0,0.0,pion,211
147.0,1.0,pion,211
148.0,0.0,proton,2212
148.0,1.0,proton,2212
149.0,0.0,muon,13
149.0,1.0,pion,211
150.0,0.0,pion,211
150.0,1.0,pion,211
151.0,0.0,pion,211
151.0,1.0,pion,211
152.0,0.0,muon,13
152.0,1.0,pion,211
153.0,0.0,muon,13
153.0,1.0,muon,13
154.0,0.0,other,0
154.0,1.0,other,0
155.0,0.0,pion,211
155.0,1.0,electron,11
155.0,2.0,other,0
156.0,0.0,muon,13
156.0,1.0,pion,211
157.0,0.0,muon,13
157.0,1.0,electron,11
157.0,2.0,other,0
158.0,0.0,pion,211
158.0,1.0,pion,211
159.0,0.0,muon,13
159.0,1.0,muon,13
160.0,0.0,electron,11
160.0,1.0,electron,11
161.0,0.0,pion,211
161.0,1.0,muon,13
161.0,2.0,pion,211
162.0,0.0,muon,13
162.0,1.0,pion,211
163.0,0.0,pion,211
163.0,1.0,muon,13
163.0,2.0,pion,211
164.0,0.0,muon,13
164.0,1.0,muon,13
165.0,0.0,muon,13
165.0,1.0,muon,13
165.0,2.0,proton,2212
166.0,0.0,electron,11
166.0,1.0,electron,11
167.0,0.0,proton,2212
167.0,1.0,other,0
168.0,0.0,muon,13
168.0,1.0,muon,13
169.0,0.0,muon,13
169.0,1.0,proton,2212
169.0,2.0,other,0
170.0,0.0,other,0
170.0,1.0,proton,2212
171.0,0.0,muon,13
171.0,1.0,pion,211
172.0,0.0,muon,13
172.0,1.0,muon,13
173.0,0.0,muon,13
173.0,1.0,proton,2212
174.0,0.0,other,0
174.0,1.0,other,0
175.0,0.0,muon,13
175.0,1.0,proton,2212
176.0,0.0,muon,13
176.0,1.0,pion,211
177.0,0.0,muon,13
177.0,1.0,pion,211
178.0,0.0,muon,13
178.0,1.0,muon,13
179.0,0.0,muon,13
179.0,1.0,muon,13
180.0,0.0,proton,2212
180.0,1.0,proton,2212
181.0,0.0,muon,13
181.0,1.0,muon,13
182.0,0.0,muon,13
182.0,1.0,pion,211
183.0,0.0,pion,211
183.0,1.0,muon,13
184.0,0.0,proton,2212
184.0,1.0,proton,2212
185.0,0.0,muon,13
185.0,1.0,muon,13
186.0,0.0,muon,13
186.0,1.0,muon,13
186.0,2.0,proton,2212
187.0,0.0,pion,211
187.0,1.0,pion,211
188.0,0.0,proton,2212
188.0,1.0,pion,211
189.0,0.0,muon,13
189.0,1.0,muon,13
190.0,0.0,electron,11
190.0,1.0,proton,2212
191.0,0.0,muon,13
191.0,1.0,other,0
192.0,0.0,proton,2212
192.0,1.0,other,0
193.0,0.0,other,0
193.0,1.0,other,0
194.0,0.0,muon,13
194.0,1.0,muon,13
195.0,0.0,muon,13
195.0,1.0,pion,211
196.0,0.0,muon,13
196.0,1.0,muon,13
197.0,0.0,muon,13
197.0,1.0,muon,13
198.0,0.0,proton,2212
198.0,1.0,muon,13
199.0,0.0,pion,211
199.0,1.0,other,0
200.0,0.0,pion,211
200.0,1.0,electron,11
201.0,0.0,pion,211
201.0,1.0,other,0
202.0,0.0,muon,13
202.0,1.0,proton,2212
203.0,0.0,muon,13
203.0,1.0,muon,13
203.0,2.0,muon,13
204.0,0.0,pion,211
204.0,1.0,other,0
205.0,0.0,pion,211
205.0,1.0,pion,211
205.0,2.0,pion,211
206.0,0.0,muon,13
206.0,1.0,muon,13
207.0,0.0,muon,13
207.0,1.0,pion,211
208.0,0.0,pion,211
208.0,1.0,pion,211
209.0,0.0,proton,2212
209.0,1.0,other,0
210.0,0.0,muon,13
210.0,1.0,pion,211
210.0,2.0,pion,211
211.0,0.0,muon,13
211.0,1.0,pion,211
212.0,0.0,muon,13
212.0,1.0,other,0
213.0,0.0,pion,211
213.0,1.0,other,0
214.0,0.0,muon,13
214.0,1.0,pion,211
215.0,0.0,muon,13
215.0,1.0,muon,13
216.0,0.0,pion,211
216.0,1.0,proton,2212
217.0,0.0,muon,13
217.0,1.0,muon,13
218.0,0.0,muon,13
218.0,1.0,muon,13
219.0,0.0,muon,13
219.0,1.0,muon,13
220.0,0.0,other,0
220.0,1.0,pion,211
221.0,0.0,muon,13
221.0,1.0,pion,211
222.0,0.0,proton,2212
222.0,1.0,pion,211
223.0,0.0,muon,13
223.0,1.0,electron,11
224.0,0.0,muon,13
224.0,1.0,proton,2212
224.0,2.0,other,0
225.0,0.0,pion,211
225.0,1.0,pion,211
225.0,2.0,pion,211
226.0,0.0,muon,13
226.0,1.0,pion,211
227.0,0.0,electron,11
227.0,1.0,electron,11
228.0,0.0,muon,13
228.0,1.0,other,0
229.0,0.0,proton,2212
229.0,1.0,proton,2212
230.0,0.0,pion,211
230.0,1.0,pion,211
231.0,0.0,other,0
231.0,1.0,other,0
232.0,0.0,muon,13
232.0,1.0,muon,13
233.0,0.0,muon,13
233.0,1.0,muon,13
234.0,0.0,pion,211
234.0,1.0,other,0
235.0,0.0,other,0
235.0,1.0,other,0
236.0,0.0,muon,13
236.0,1.0,muon,13
237.0,0.0,muon,13
237.0,1.0,muon,13
238.0,0.0,muon,13
238.0,1.0,proton,2212
239.0,0.0,other,0
239.0,1.0,muon,13
240.0,0.0,muon,13
240.0,1.0,muon,13
241.0,0.0,pion,211
241.0,1.0,other,0
242.0,0.0,muon,13
242.0,1.0,muon,13
243.0,0.0,muon,13
243.0,1.0,muon,13
244.0,0.0,muon,13
244.0,1.0,pion,211
245.0,0.0,muon,13
245.0,1.0,muon,13
246.0,0.0,proton,2212
246.0,1.0,proton,2212
247.0,0.0,muon,13
247.0,1.0,proton,2212
248.0,0.0,pion,211
248.0,1.0,proton,2212
249.0,0.0,muon,13
249.0,1.0,pion,211
250.0,0.0,muon,13
250.0,1.0,other,0
251.0,0.0,muon,13
251.0,1.0,pion,211
252.0,0.0,pion,211
252.0,1.0,other,0
253.0,0.0,muon,13
253.0,1.0,pion,211
254.0,0.0,muon,13
254.0,1.0,pion,211
254.0,2.0,other,0
255.0,0.0,muon,13
255.0,1.0,pion,211
256.0,0.0,proton,2212
256.0,1.0,proton,2212
257.0,0.0,other,0
257.0,1.0,electron,11
258.0,0.0,other,0
258.0,1.0,other,0
259.0,0.0,muon,13
259.0,1.0,muon,13
259.0,2.0,proton,2212
260.0,0.0,muon,13
260.0,1.0,other,0
260.0,2.0,other,0
261.0,0.0,pion,211
261.0,1.0,pion,211
262.0,0.0,other,0
262.0,1.0,other,0
263.0,0.0,muon,13
263.0,1.0,muon,13
264.0,0.0,muon,13
264.0,1.0,muon,13
265.0,0.0,electron,11
265.0,1.0,other,0
266.0,0.0,muon,13
266.0,1.0,other,0
267.0,0.0,pion,211
267.0,1.0,other,0
268.0,0.0,muon,13
268.0,1.0,muon,13
269.0,0.0,proton,2212
269.0,1.0,pion,211
270.0,0.0,muon,13
270.0,1.0,other,0
271.0,0.0,muon,13
271.0,1.0,proton,2212
272.0,0.0,other,0
272.0,1.0,electron,11
273.0,0.0,muon,13
273.0,1.0,muon,13
274.0,0.0,proton,2212
274.0,1.0,pion,211
275.0,0.0,muon,13
275.0,1.0,other,0
276.0,0.0,pion,211
276.0,1.0,pion,211
277.0,0.0,muon,13
277.0,1.0,muon,13
278.0,0.0,muon,13
278.0,1.0,proton,2212
279.0,0.0,muon,13
279.0,1.0,pion,211
280.0,0.0,pion,211
280.0,1.0,electron,11
281.0,0.0,muon,13
281.0,1.0,muon,13
282.0,0.0,proton,2212
282.0,1.0,proton,2212
283.0,0.0,electron,11
283.0,1.0,other,0
283.0,2.0,other,0
284.0,0.0,muon,13
284.0,1.0,muon,13
285.0,0.0,muon,13
285.0,1.0,pion,211
286.0,0.0,muon,13
286.0,1.0,pion,211
287.0,0.0,muon,13
287.0,1.0,muon,13
288.0,0.0,muon,13
288.0,1.0,muon,13
288.0,2.0,muon,13
288.0,3.0,pion,211
288.0,4.0,pion,211
289.0,0.0,muon,13
289.0,1.0,pion,211
290.0,0.0,muon,13
290.0,1.0,pion,211
291.0,0.0,muon,13
291.0,1.0,muon,13
292.0,0.0,muon,13
292.0,1.0,pion,211
293.0,0.0,pion,211
293.0,1.0,other,0
294.0,0.0,proton,2212
294.0,1.0,other,0
295.0,0.0,muon,13
295.0,1.0,proton,2212
295.0,2.0,pion,211
296.0,0.0,muon,13
296.0,1.0,proton,2212
297.0,0.0,muon,13
297.0,1.0,muon,13
298.0,0.0,muon,13
298.0,1.0,other,0
299.0,0.0,pion,211
299.0,1.0,pion,211
300.0,0.0,muon,13
300.0,1.0,pion,211
301.0,0.0,muon,13
301.0,1.0,muon,13
302.0,0.0,muon,13
302.0,1.0,other,0
303.0,0.0,proton,2212
303.0,1.0,other,0
304.0,0.0,muon,13
304.0,1.0,muon,13
305.0,0.0,muon,13
305.0,1.0,muon,13
306.0,0.0,pion,211
306.0,1.0,electron,11
307.0,0.0,muon,13
307.0,1.0,proton,2212
308.0,0.0,muon,13
308.0,1.0,pion,211
309.0,0.0,other,0
309.0,1.0,other,0
310.0,0.0,other,0
310.0,1.0,proton,2212
311.0,0.0,other,0
311.0,1.0,muon,13
312.0,0.0,proton,2212
312.0,1.0,other,0
313.0,0.0,muon,13
313.0,1.0,proton,2212
314.0,0.0,pion,211
314.0,1.0,proton,2212
315.0,0.0,muon,13
315.0,1.0,muon,13
316.0,0.0,muon,13
316.0,1.0,muon,13
317.0,0.0,muon,13
317.0,1.0,proton,2212
318.0,0.0,muon,13
318.0,1.0,proton,2212
319.0,0.0,muon,13
319.0,1.0,proton,2212
320.0,0.0,muon,13
320.0,1.0,proton,2212
321.0,0.0,muon,13
321.0,1.0,muon,13
322.0,0.0,muon,13
322.0,1.0,other,0
323.0,0.0,muon,13
323.0,1.0,muon,13
324.0,0.0,muon,13
324.0,1.0,other,0
325.0,0.0,muon,13
325.0,1.0,pion,211
326.0,0.0,pion,211
326.0,1.0,other,0
327.0,0.0,muon,13
327.0,1.0,muon,13
328.0,0.0,muon,13
328.0,1.0,other,0
329.0,0.0,muon,13
329.0,1.0,pion,211
330.0,0.0,muon,13
330.0,1.0,muon,13
331.0,0.0,other,0
331.0,1.0,other,0
332.0,0.0,pion,211
332.0,1.0,proton,2212
333.0,0.0,pion,211
333.0,1.0,electron,11
334.0,0.0,pion,211
334.0,1.0,other,0
335.0,0.0,muon,13
335.0,1.0,proton,2212
336.0,0.0,pion,211
336.0,1.0,pion,211
337.0,0.0,muon,13
337.0,1.0,pion,211
338.0,0.0,muon,13
338.0,1.0,other,0
338.0,2.0,other,0
339.0,0.0,other,0
339.0,1.0,other,0
340.0,0.0,muon,13
340.0,1.0,pion,211
341.0,0.0,muon,13
341.0,1.0,pion,211
342.0,0.0,muon,13
342.0,1.0,other,0
343.0,0.0,muon,13
343.0,1.0,muon,13
344.0,0.0,proton,2212
344.0,1.0,proton,2212
345.0,0.0,muon,13
345.0,1.0,pion,211
346.0,0.0,proton,2212
346.0,1.0,proton,2212
347.0,0.0,muon,13
347.0,1.0,muon,13
348.0,0.0,proton,2212
348.0,1.0,muon,13
348.0,2.0,pion,211
349.0,0.0,muon,13
349.0,1.0,proton,2212
350.0,0.0,muon,13
350.0,1.0,pion,211
351.0,0.0,muon,13
351.0,1.0,other,0
352.0,0.0,pion,211
352.0,1.0,proton,2212
353.0,0.0,muon,13
353.0,1.0,electron,11
354.0,0.0,muon,13
354.0,1.0,other,0
355.0,0.0,other,0
355.0,1.0,other,0
356.0,0.0,muon,13
356.0,1.0,other,0
357.0,0.0,muon,13
357.0,1.0,pion,211
358.0,0.0,pion,211
358.0,1.0,pion,211
359.0,0.0,muon,13
359.0,1.0,proton,2212
360.0,0.0,muon,13
360.0,1.0,proton,2212
361.0,0.0,pion,211
361.0,1.0,other,0
362.0,0.0,proton,2212
362.0,1.0,electron,11
363.0,0.0,other,0
363.0,1.0,pion,211
364.0,0.0,muon,13
364.0,1.0,muon,13
364.0,2.0,proton,2212
365.0,0.0,muon,13
365.0,1.0,muon,13
366.0,0.0,muon,13
366.0,1.0,proton,2212
367.0,0.0,pion,211
367.0,1.0,pion,211
368.0,0.0,muon,13
368.0,1.0,proton,2212
369.0,0.0,muon,13
369.0,1.0,pion,211
370.0,0.0,other,0
370.0,1.0,other,0
371.0,0.0,other,0
371.0,1.0,pion,211
372.0,0.0,muon,13
372.0,1.0,proton,2212
372.0,2.0,pion,211
373.0,0.0,muon,13
373.0,1.0,muon,13
374.0,0.0,muon,13
374.0,1.0,pion,211
375.0,0.0,pion,211
375.0,1.0,pion,211
376.0,0.0,muon,13
376.0,1.0,muon,13
376.0,2.0,pion,211
377.0,0.0,pion,211
377.0,1.0,electron,11
378.0,0.0,pion,211
378.0,1.0,pion,211
379.0,0.0,muon,13
379.0,1.0,muon,13
380.0,0.0,muon,13
380.0,1.0,other,0
380.0,2.0,other,0
381.0,0.0,muon,13
381.0,1.0,muon,13
382.0,0.0,muon,13
382.0,1.0,muon,13
383.0,0.0,muon,13
383.0,1.0,proton,2212
384.0,0.0,pion,211
384.0,1.0,electron,11
385.0,0.0,other,0
385.0,1.0,pion,211
385.0,2.0,proton,2212
386.0,0.0,muon,13
386.0,1.0,other,0
387.0,0.0,muon,13
387.0,1.0,other,0
388.0,0.0,other,0
388.0,1.0,other,0
389.0,0.0,muon,13
389.0,1.0,muon,13
389.0,2.0,other,0
390.0,0.0,pion,211
390.0,1.0,pion,211
391.0,0.0,muon,13
391.0,1.0,proton,2212
392.0,0.0,proton,2212
392.0,1.0,electron,11
393.0,0.0,muon,13
393.0,1.0,pion,211
394.0,0.0,muon,13
394.0,1.0,proton,2212
395.0,0.0,pion,211
395.0,1.0,pion,211
396.0,0.0,other,0
396.0,1.0,pion,211
397.0,0.0,muon,13
397.0,1.0,muon,13
398.0,0.0,muon,13
398.0,1.0,proton,2212
399.0,0.0,electron,11
399.0,1.0,pion,211
400.0,0.0,pion,211
400.0,1.0,electron,11
400.0,2.0,other,0
401.0,0.0,muon,13
401.0,1.0,proton,2212
401.0,2.0,other,0
402.0,0.0,muon,13
402.0,1.0,muon,13
403.0,0.0,muon,13
403.0,1.0,electron,11
404.0,0.0,muon,13
404.0,1.0,proton,2212
405.0,0.0,pion,211
405.0,1.0,pion,211
406.0,0.0,muon,13
406.0,1.0,muon,13
407.0,0.0,proton,2212
407.0,1.0,proton,2212
408.0,0.0,muon,13
408.0,1.0,electron,11
409.0,0.0,pion,211
409.0,1.0,other,0
410.0,0.0,other,0
410.0,1.0,pion,211
411.0,0.0,other,0
411.0,1.0,other,0
412.0,0.0,muon,13
412.0,1.0,muon,13
412.0,2.0,proton,2212
413.0,0.0,muon,13
413.0,1.0,muon,13
414.0,0.0,other,0
414.0,1.0,other,0
415.0,0.0,muon,13
415.0,1.0,pion,211
416.0,0.0,muon,13
416.0,1.0,proton,2212
417.0,0.0,pion,211
417.0,1.0,pion,211
418.0,0.0,muon,13
418.0,1.0,muon,13
419.0,0.0,muon,13
419.0,1.0,muon,13
420.0,0.0,muon,13
420.0,1.0,pion,211
421.0,0.0,other,0
421.0,1.0,proton,2212
422.0,0.0,muon,13
422.0,1.0,pion,211
423.0,0.0,muon,13
423.0,1.0,proton,2212
424.0,0.0,other,0
424.0,1.0,pion,211
425.0,0.0,muon,13
425.0,1.0,proton,2212
426.0,0.0,other,0
426.0,1.0,muon,13
427.0,0.0,muon,13
427.0,1.0,proton,2212
428.0,0.0,muon,13
428.0,1.0,muon,13
429.0,0.0,electron,11
429.0,1.0,electron,11
430.0,0.0,muon,13
430.0,1.0,other,0
431.0,0.0,proton,2212
431.0,1.0,other,0
432.0,0.0,other,0
432.0,1.0,pion,211
433.0,0.0,muon,13
433.0,1.0,other,0
434.0,0.0,muon,13
434.0,1.0,muon,13
435.0,0.0,muon,13
435.0,1.0,proton,2212
436.0,0.0,proton,2212
436.0,1.0,electron,11
437.0,0.0,muon,13
437.0,1.0,pion,211
438.0,0.0,muon,13
438.0,1.0,other,0
438.0,2.0,other,0
439.0,0.0,other,0
439.0,1.0,other,0
440.0,0.0,muon,13
440.0,1.0,proton,2212
441.0,0.0,electron,11
441.0,1.0,other,0
442.0,0.0,pion,211
442.0,1.0,other,0
443.0,0.0,pion,211
443.0,1.0,other,0
444.0,0.0,muon,13
444.0,1.0,muon,13
445.0,0.0,muon,13
445.0,1.0,muon,13
446.0,0.0,muon,13
446.0,1.0,proton,2212
447.0,0.0,muon,13
447.0,1.0,other,0
448.0,0.0,muon,13
448.0,1.0,muon,13
448.0,2.0,proton,2212
449.0,0.0,proton,2212
449.0,1.0,other,0
450.0,0.0,muon,13
450.0,1.0,other,0
451.0,0.0,other,0
451.0,1.0,other,0
452.0,0.0,other,0
452.0,1.0,other,0
453.0,0.0,electron,11
453.0,1.0,proton,2212
454.0,0.0,other,0
454.0,1.0,pion,211
455.0,0.0,muon,13
455.0,1.0,muon,13
456.0,0.0,pion,211
456.0,1.0,other,0
457.0,0.0,muon,13
457.0,1.0,proton,2212
458.0,0.0,muon,13
458.0,1.0,proton,2212
459.0,0.0,muon,13
459.0,1.0,pion,211
460.0,0.0,proton,2212
460.0,1.0,other,0
461.0,0.0,muon,13
461.0,1.0,muon,13
462.0,0.0,other,0
462.0,1.0,proton,2212
463.0,0.0,electron,11
463.0,1.0,proton,2212
464.0,0.0,muon,13
464.0,1.0,proton,2212
465.0,0.0,muon,13
465.0,1.0,other,0
466.0,0.0,proton,2212
466.0,1.0,pion,211
467.0,0.0,muon,13
467.0,1.0,pion,211
468.0,0.0,muon,13
468.0,1.0,proton,2212
469.0,0.0,muon,13
469.0,1.0,pion,211
470.0,0.0,proton,2212
470.0,1.0,other,0
471.0,0.0,muon,13
471.0,1.0,other,0
472.0,0.0,muon,13
472.0,1.0,proton,2212
473.0,0.0,muon,13
473.0,1.0,muon,13
474.0,0.0,muon,13
474.0,1.0,proton,2212
475.0,0.0,other,0
475.0,1.0,other,0
476.0,0.0,muon,13
476.0,1.0,proton,2212
477.0,0.0,muon,13
477.0,1.0,muon,13
478.0,0.0,muon,13
478.0,1.0,other,0
479.0,0.0,muon,13
479.0,1.0,proton,2212
480.0,0.0,muon,13
480.0,1.0,proton,2212
480.0,2.0,other,0
481.0,0.0,muon,13
481.0,1.0,other,0
482.0,0.0,electron,11
482.0,1.0,other,0
483.0,0.0,electron,11
483.0,1.0,other,0
484.0,0.0,other,0
484.0,1.0,pion,211
484.0,2.0,pion,211
485.0,0.0,muon,13
485.0,1.0,pion,211
486.0,0.0,muon,13
486.0,1.0,pion,211
487.0,0.0,muon,13
487.0,1.0,muon,13
488.0,0.0,muon,13
488.0,1.0,proton,2212
489.0,0.0,muon,13
489.0,1.0,pion,211
490.0,0.0,proton,2212
490.0,1.0,muon,13
490.0,2.0,pion,211
491.0,0.0,pion,211
491.0,1.0,pion,211
492.0,0.0,muon,13
492.0,1.0,proton,2212
493.0,0.0,muon,13
493.0,1.0,muon,13
494.0,0.0,pion,211
494.0,1.0,pion,211
494.0,2.0,pion,211
495.0,0.0,pion,211
495.0,1.0,pion,211
496.0,0.0,muon,13
496.0,1.0,proton,2212
497.0,0.0,muon,13
497.0,1.0,muon,13
497.0,2.0,muon,13
498.0,0.0,muon,13
498.0,1.0,pion,211
499.0,0.0,muon,13
499.0,1.0,proton,2212
500.0,0.0,pion,211
500.0,1.0,pion,211
500.0,2.0,pion,211
501.0,0.0,pion,211
501.0,1.0,pion,211
502.0,0.0,muon,13
502.0,1.0,proton,2212
503.0,0.0,pion,211
503.0,1.0,pion,211
504.0,0.0,muon,13
504.0,1.0,other,0
505.0,0.0,muon,13
505.0,1.0,pion,211
506.0,0.0,electron,11
506.0,1.0,other,0
507.0,0.0,pion,211
507.0,1.0,electron,11
508.0,0.0,proton,2212
508.0,1.0,proton,2212
509.0,0.0,muon,13
509.0,1.0,proton,2212
510.0,0.0,pion,211
510.0,1.0,pion,211
511.0,0.0,muon,13
511.0,1.0,proton,2212
511.0,2.0,pion,211
512.0,0.0,muon,13
512.0,1.0,muon,13
512.0,2.0,proton,2212
513.0,0.0,muon,13
513.0,1.0,muon,13
514.0,0.0,muon,13
514.0,1.0,other,0
515.0,0.0,muon,13
515.0,1.0,muon,13
516.0,0.0,muon,13
516.0,1.0,proton,2212
517.0,0.0,proton,2212
517.0,1.0,pion,211
518.0,0.0,muon,13
518.0,1.0,muon,13
519.0,0.0,pion,211
519.0,1.0,pion,211
520.0,0.0,muon,13
520.0,1.0,muon,13
521.0,0.0,pion,211
521.0,1.0,proton,2212
522.0,0.0,muon,13
522.0,1.0,pion,211
523.0,0.0,other,0
523.0,1.0,other,0
523.0,2.0,other,0
524.0,0.0,muon,13
524.0,1.0,pion,211
525.0,0.0,muon,13
525.0,1.0,muon,13
526.0,0.0,muon,13
526.0,1.0,other,0
527.0,0.0,muon,13
527.0,1.0,pion,211
528.0,0.0,muon,13
528.0,1.0,proton,2212
529.0,0.0,pion,211
529.0,1.0,other,0
530.0,0.0,muon,13
530.0,1.0,pion,211
531.0,0.0,muon,13
531.0,1.0,proton,2212
532.0,0.0,pion,211
532.0,1.0,pion,211
533.0,0.0,muon,13
533.0,1.0,pion,211
534.0,0.0,muon,13
534.0,1.0,pion,211
535.0,0.0,muon,13
535.0,1.0,muon,13
535.0,2.0,other,0
536.0,0.0,muon,13
536.0,1.0,muon,13
537.0,0.0,muon,13
537.0,1.0,proton,2212
538.0,0.0,muon,13
538.0,1.0,proton,2212
539.0,0.0,muon,13
539.0,1.0,other,0
540.0,0.0,muon,13
540.0,1.0,muon,13
541.0,0.0,muon,13
541.0,1.0,proton,2212
542.0,0.0,muon,13
542.0,1.0,muon,13
543.0,0.0,electron,11
543.0,1.0,electron,11
544.0,0.0,muon,13
544.0,1.0,other,0
545.0,0.0,muon,13
545.0,1.0,muon,13
546.0,0.0,muon,13
546.0,1.0,proton,2212
547.0,0.0,muon,13
547.0,1.0,muon,13
548.0,0.0,pion,211
548.0,1.0,pion,211
549.0,0.0,muon,13
549.0,1.0,muon,13
550.0,0.0,pion,211
550.0,1.0,other,0
551.0,0.0,pion,211
551.0,1.0,muon,13
551.0,2.0,electron,11
552.0,0.0,muon,13
552.0,1.0,muon,13
553.0,0.0,other,0
553.0,1.0,proton,2212
553.0,2.0,other,0
554.0,0.0,electron,11
554.0,1.0,other,0
555.0,0.0,muon,13
555.0,1.0,proton,2212
556.0,0.0,muon,13
556.0,1.0,muon,13
557.0,0.0,muon,13
557.0,1.0,pion,211
558.0,0.0,muon,13
558.0,1.0,proton,2212
559.0,0.0,pion,211
559.0,1.0,electron,11
560.0,0.0,other,0
560.0,1.0,electron,11
561.0,0.0,muon,13
561.0,1.0,muon,13
562.0,0.0,other,0
562.0,1.0,pion,211
563.0,0.0,other,0
563.0,1.0,pion,211
564.0,0.0,pion,211
564.0,1.0,other,0
565.0,0.0,muon,13
565.0,1.0,pion,211
566.0,0.0,pion,211
566.0,1.0,pion,211
567.0,0.0,muon,13
567.0,1.0,other,0
568.0,0.0,muon,13
568.0,1.0,other,0
569.0,0.0,muon,13
569.0,1.0,pion,211
570.0,0.0,muon,13
570.0,1.0,proton,2212
571.0,0.0,other,0
571.0,1.0,other,0
572.0,0.0,other,0
572.0,1.0,other,0
573.0,0.0,muon,13
573.0,1.0,pion,211
574.0,0.0,proton,2212
574.0,1.0,proton,2212
575.0,0.0,muon,13
575.0,1.0,other,0
576.0,0.0,muon,13
576.0,1.0,proton,2212
577.0,0.0,muon,13
577.0,1.0,muon,13
578.0,0.0,electron,11
578.0,1.0,other,0
579.0,0.0,muon,13
579.0,1.0,other,0
580.0,0.0,muon,13
580.0,1.0,proton,2212
581.0,0.0,muon,13
581.0,1.0,other,0
582.0,0.0,pion,211
582.0,1.0,pion,211
583.0,0.0,muon,13
583.0,1.0,muon,13
584.0,0.0,muon,13
584.0,1.0,proton,2212
585.0,0.0,muon,13
585.0,1.0,pion,211
586.0,0.0,muon,13
586.0,1.0,proton,2212
587.0,0.0,muon,13
587.0,1.0,other,0
588.0,0.0,muon,13
588.0,1.0,electron,11
589.0,0.0,pion,211
589.0,1.0,pion,211
590.0,0.0,muon,13
590.0,1.0,pion,211
591.0,0.0,muon,13
591.0,1.0,muon,13
592.0,0.0,muon,13
592.0,1.0,proton,2212
593.0,0.0,muon,13
593.0,1.0,pion,211
594.0,0.0,proton,2212
594.0,1.0,other,0
595.0,0.0,pion,211
595.0,1.0,pion,211
596.0,0.0,muon,13
596.0,1.0,proton,2212
597.0,0.0,pion,211
597.0,1.0,electron,11
598.0,0.0,muon,13
598.0,1.0,other,0
599.0,0.0,muon,13
599.0,1.0,other,0
600.0,0.0,pion,211
600.0,1.0,proton,2212
601.0,0.0,muon,13
601.0,1.0,proton,2212
602.0,0.0,muon,13
602.0,1.0,proton,2212
603.0,0.0,muon,13
603.0,1.0,other,0
603.0,2.0,pion,211
604.0,0.0,muon,13
604.0,1.0,pion,211
604.0,2.0,pion,211
605.0,0.0,pion,211
605.0,1.0,electron,11
605.0,2.0,other,0
606.0,0.0,muon,13
606.0,1.0,pion,211
607.0,0.0,pion,211
607.0,1.0,muon,13
608.0,0.0,pion,211
608.0,1.0,other,0
609.0,0.0,muon,13
609.0,1.0,muon,13
610.0,0.0,proton,2212
610.0,1.0,proton,2212
611.0,0.0,pion,211
611.0,1.0,pion,211
612.0,0.0,muon,13
612.0,1.0,other,0
613.0,0.0,muon,13
613.0,1.0,pion,211
614.0,0.0,muon,13
614.0,1.0,electron,11
615.0,0.0,muon,13
615.0,1.0,pion,211
616.0,0.0,pion,211
616.0,1.0,pion,211
617.0,0.0,pion,211
617.0,1.0,pion,211
617.0,2.0,proton,2212
617.0,3.0,muon,13
618.0,0.0,muon,13
618.0,1.0,muon,13
619.0,0.0,muon,13
619.0,1.0,muon,13
620.0,0.0,proton,2212
620.0,1.0,pion,211
621.0,0.0,pion,211
621.0,1.0,other,0
622.0,0.0,muon,13
622.0,1.0,muon,13
623.0,0.0,muon,13
623.0,1.0,proton,2212
624.0,0.0,electron,11
624.0,1.0,electron,11
624.0,2.0,other,0
625.0,0.0,muon,13
625.0,1.0,muon,13
626.0,0.0,muon,13
626.0,1.0,pion,211
627.0,0.0,muon,13
627.0,1.0,other,0
628.0,0.0,muon,13
628.0,1.0,pion,211
629.0,0.0,electron,11
629.0,1.0,electron,11
630.0,0.0,pion,211
630.0,1.0,pion,211
631.0,0.0,proton,2212
631.0,1.0,pion,211
631.0,2.0,proton,2212
632.0,0.0,pion,211
632.0,1.0,pion,211
633.0,0.0,muon,13
633.0,1.0,muon,13
634.0,0.0,pion,211
634.0,1.0,pion,211
635.0,0.0,proton,2212
635.0,1.0,proton,2212
636.0,0.0,pion,211
636.0,1.0,proton,2212
637.0,0.0,muon,13
637.0,1.0,pion,211
638.0,0.0,muon,13
638.0,1.0,pion,211
639.0,0.0,muon,13
639.0,1.0,proton,2212
640.0,0.0,proton,2212
640.0,1.0,pion,211
641.0,0.0,muon,13
641.0,1.0,muon,13
642.0,0.0,pion,211
642.0,1.0,proton,2212
643.0,0.0,muon,13
643.0,1.0,pion,211
644.0,0.0,muon,13
644.0,1.0,proton,2212
645.0,0.0,other,0
645.0,1.0,pion,211
645.0,2.0,electron,11
646.0,0.0,pion,211
646.0,1.0,other,0
647.0,0.0,other,0
647.0,1.0,other,0
648.0,0.0,muon,13
648.0,1.0,proton,2212
649.0,0.0,muon,13
649.0,1.0,other,0
649.0,2.0,other,0
650.0,0.0,pion,211
650.0,1.0,other,0
651.0,0.0,muon,13
651.0,1.0,proton,2212
651.0,2.0,pion,211
651.0,3.0,pion,211
652.0,0.0,muon,13
652.0,1.0,muon,13
653.0,0.0,proton,2212
653.0,1.0,proton,2212
654.0,0.0,muon,13
654.0,1.0,other,0
655.0,0.0,muon,13
655.0,1.0,proton,2212
656.0,0.0,muon,13
656.0,1.0,pion,211
657.0,0.0,pion,211
657.0,1.0,pion,211
658.0,0.0,pion,211
658.0,1.0,pion,211
659.0,0.0,muon,13
659.0,1.0,muon,13
660.0,0.0,muon,13
660.0,1.0,electron,11
661.0,0.0,proton,2212
661.0,1.0,proton,2212
662.0,0.0,muon,13
662.0,1.0,proton,2212
663.0,0.0,other,0
663.0,1.0,electron,11
663.0,2.0,proton,2212
664.0,0.0,pion,211
664.0,1.0,pion,211
665.0,0.0,muon,13
665.0,1.0,muon,13
666.0,0.0,muon,13
666.0,1.0,pion,211
667.0,0.0,pion,211
667.0,1.0,proton,2212
668.0,0.0,pion,211
668.0,1.0,other,0
669.0,0.0,muon,13
669.0,1.0,muon,13
670.0,0.0,muon,13
670.0,1.0,proton,2212
670.0,2.0,other,0
671.0,0.0,muon,13
671.0,1.0,proton,2212
672.0,0.0,muon,13
672.0,1.0,muon,13
673.0,0.0,proton,2212
673.0,1.0,proton,2212
674.0,0.0,pion,211
674.0,1.0,pion,211
675.0,0.0,muon,13
675.0,1.0,proton,2212
676.0,0.0,muon,13
676.0,1.0,other,0
677.0,0.0,muon,13
677.0,1.0,other,0
678.0,0.0,proton,2212
678.0,1.0,other,0
679.0,0.0,muon,13
679.0,1.0,pion,211
680.0,0.0,muon,13
680.0,1.0,pion,211
681.0,0.0,pion,211
681.0,1.0,other,0
682.0,0.0,proton,2212
682.0,1.0,proton,2212
683.0,0.0,muon,13
683.0,1.0,pion,211
684.0,0.0,pion,211
684.0,1.0,muon,13
684.0,2.0,other,0
685.0,0.0,pion,211
685.0,1.0,pion,211
686.0,0.0,muon,13
686.0,1.0,pion,211
687.0,0.0,other,0
687.0,1.0,proton,2212
688.0,0.0,muon,13
688.0,1.0,pion,211
689.0,0.0,muon,13
689.0,1.0,other,0
690.0,0.0,muon,13
690.0,1.0,muon,13
690.0,2.0,pion,211
691.0,0.0,muon,13
691.0,1.0,pion,211
692.0,0.0,muon,13
692.0,1.0,pion,211
693.0,0.0,muon,13
693.0,1.0,pion,211
693.0,2.0,pion,211
694.0,0.0,other,0
694.0,1.0,other,0
695.0,0.0,pion,211
695.0,1.0,other,0
696.0,0.0,muon,13
696.0,1.0,muon,13
697.0,0.0,other,0
697.0,1.0,pion,211
698.0,0.0,muon,13
698.0,1.0,proton,2212
699.0,0.0,proton,2212
699.0,1.0,pion,211
699.0,2.0,pion,211
700.0,0.0,muon,13
700.0,1.0,muon,13
700.0,2.0,other,0
701.0,0.0,muon,13
701.0,1.0,proton,2212
702.0,0.0,muon,13
702.0,1.0,muon,13
703.0,0.0,pion,211
703.0,1.0,other,0
704.0,0.0,muon,13
704.0,1.0,pion,211
705.0,0.0,muon,13
705.0,1.0,pion,211
706.0,0.0,other,0
706.0,1.0,pion,211
707.0,0.0,muon,13
707.0,1.0,proton,2212
708.0,0.0,electron,11
708.0,1.0,electron,11
709.0,0.0,muon,13
709.0,1.0,pion,211
710.0,0.0,pion,211
710.0,1.0,pion,211
711.0,0.0,pion,211
711.0,1.0,pion,211
712.0,0.0,pion,211
712.0,1.0,other,0
713.0,0.0,muon,13
713.0,1.0,other,0
714.0,0.0,pion,211
714.0,1.0,other,0
715.0,0.0,electron,11
715.0,1.0,other,0
716.0,0.0,other,0
716.0,1.0,pion,211
717.0,0.0,muon,13
717.0,1.0,proton,2212
718.0,0.0,muon,13
718.0,1.0,muon,13
719.0,0.0,muon,13
719.0,1.0,muon,13
720.0,0.0,muon,13
720.0,1.0,pion,211
720.0,2.0,pion,211
721.0,0.0,muon,13
721.0,1.0,pion,211
722.0,0.0,muon,13
722.0,1.0,muon,13
723.0,0.0,muon,13
723.0,1.0,electron,11
724.0,0.0,other,0
724.0,1.0,proton,2212
725.0,0.0,muon,13
725.0,1.0,muon,13
726.0,0.0,muon,13
726.0,1.0,proton,2212
727.0,0.0,muon,13
727.0,1.0,muon,13
727.0,2.0,pion,211
728.0,0.0,muon,13
728.0,1.0,pion,211
728.0,2.0,proton,2212
729.0,0.0,pion,211
729.0,1.0,other,0
730.0,0.0,muon,13
730.0,1.0,proton,2212
731.0,0.0,pion,211
731.0,1.0,pion,211
732.0,0.0,pion,211
732.0,1.0,other,0
733.0,0.0,muon,13
733.0,1.0,proton,2212
734.0,0.0,muon,13
734.0,1.0,pion,211
734.0,2.0,proton,2212
735.0,0.0,muon,13
735.0,1.0,proton,2212
736.0,0.0,other,0
736.0,1.0,proton,2212
737.0,0.0,electron,11
737.0,1.0,other,0
738.0,0.0,muon,13
738.0,1.0,pion,211
739.0,0.0,muon,13
739.0,1.0,pion,211
739.0,2.0,other,0
740.0,0.0,muon,13
740.0,1.0,other,0
740.0,2.0,electron,11
741.0,0.0,pion,211
741.0,1.0,other,0
742.0,0.0,pion,211
742.0,1.0,electron,11
743.0,0.0,muon,13
743.0,1.0,pion,211
744.0,0.0,muon,13
744.0,1.0,muon,13
745.0,0.0,other,0
745.0,1.0,pion,211
745.0,2.0,other,0
745.0,3.0,electron,11
746.0,0.0,muon,13
746.0,1.0,other,0
747.0,0.0,other,0
747.0,1.0,other,0
748.0,0.0,muon,13
748.0,1.0,other,0
749.0,0.0,muon,13
749.0,1.0,pion,211
750.0,0.0,electron,11
750.0,1.0,electron,11
751.0,0.0,muon,13
751.0,1.0,electron,11
752.0,0.0,pion,211
752.0,1.0,muon,13
752.0,2.0,other,0
753.0,0.0,muon,13
753.0,1.0,pion,211
754.0,0.0,pion,211
754.0,1.0,proton,2212
755.0,0.0,proton,2212
755.0,1.0,muon,13
756.0,0.0,muon,13
756.0,1.0,proton,2212
756.0,2.0,other,0
757.0,0.0,electron,11
757.0,1.0,electron,11
758.0,0.0,muon,13
758.0,1.0,pion,211
759.0,0.0,pion,211
759.0,1.0,other,0
760.0,0.0,muon,13
760.0,1.0,pion,211
761.0,0.0,electron,11
761.0,1.0,other,0
762.0,0.0,muon,13
762.0,1.0,muon,13
762.0,2.0,pion,211
763.0,0.0,muon,13
763.0,1.0,muon,13
763.0,2.0,proton,2212
764.0,0.0,electron,11
764.0,1.0,proton,2212
765.0,0.0,muon,13
765.0,1.0,other,0
766.0,0.0,muon,13
766.0,1.0,other,0
767.0,0.0,muon,13
767.0,1.0,other,0
768.0,0.0,muon,13
768.0,1.0,muon,13
769.0,0.0,pion,211
769.0,1.0,pion,211
770.0,0.0,muon,13
770.0,1.0,muon,13
771.0,0.0,muon,13
771.0,1.0,pion,211
772.0,0.0,proton,2212
772.0,1.0,other,0
773.0,0.0,muon,13
773.0,1.0,pion,211
774.0,0.0,muon,13
774.0,1.0,pion,211
775.0,0.0,muon,13
775.0,1.0,muon,13
776.0,0.0,muon,13
776.0,1.0,muon,13
777.0,0.0,muon,13
777.0,1.0,muon,13
778.0,0.0,muon,13
778.0,1.0,proton,2212
779.0,0.0,muon,13
779.0,1.0,electron,11
780.0,0.0,muon,13
780.0,1.0,muon,13
781.0,0.0,muon,13
781.0,1.0,pion,211
782.0,0.0,muon,13
782.0,1.0,pion,211
783.0,0.0,muon,13
783.0,1.0,pion,211
783.0,2.0,other,0
784.0,0.0,muon,13
784.0,1.0,proton,2212
785.0,0.0,electron,11
785.0,1.0,pion,211
786.0,0.0,pion,211
786.0,1.0,pion,211
787.0,0.0,muon,13
787.0,1.0,muon,13
788.0,0.0,muon,13
788.0,1.0,proton,2212
789.0,0.0,pion,211
789.0,1.0,pion,211
790.0,0.0,pion,211
790.0,1.0,pion,211
791.0,0.0,muon,13
791.0,1.0,other,0
792.0,0.0,muon,13
792.0,1.0,pion,211
792.0,2.0,electron,11
793.0,0.0,muon,13
793.0,1.0,electron,11
794.0,0.0,muon,13
794.0,1.0,muon,13
795.0,0.0,muon,13
795.0,1.0,pion,211
796.0,0.0,muon,13
796.0,1.0,proton,2212
797.0,0.0,muon,13
797.0,1.0,pion,211
798.0,0.0,muon,13
798.0,1.0,other,0
799.0,0.0,muon,13
799.0,1.0,electron,11
800.0,0.0,muon,13
800.0,1.0,proton,2212
801.0,0.0,pion,211
801.0,1.0,pion,211
802.0,0.0,proton,2212
802.0,1.0,pion,211
803.0,0.0,muon,13
803.0,1.0,other,0
803.0,2.0,proton,2212
804.0,0.0,muon,13
804.0,1.0,pion,211
805.0,0.0,muon,13
805.0,1.0,proton,2212
806.0,0.0,muon,13
806.0,1.0,electron,11
807.0,0.0,muon,13
807.0,1.0,muon,13
808.0,0.0,muon,13
808.0,1.0,pion,211
809.0,0.0,pion,211
809.0,1.0,pion,211
810.0,0.0,muon,13
810.0,1.0,muon,13
811.0,0.0,muon,13
811.0,1.0,muon,13
812.0,0.0,muon,13
812.0,1.0,muon,13
812.0,2.0,pion,211
813.0,0.0,pion,211
813.0,1.0,other,0
814.0,0.0,muon,13
814.0,1.0,proton,2212
815.0,0.0,pion,211
815.0,1.0,proton,2212
816.0,0.0,muon,13
816.0,1.0,other,0
817.0,0.0,muon,13
817.0,1.0,proton,2212
818.0,0.0,proton,2212
818.0,1.0,pion,211
818.0,2.0,other,0
819.0,0.0,muon,13
819.0,1.0,pion,211
820.0,0.0,muon,13
820.0,1.0,pion,211
821.0,0.0,muon,13
821.0,1.0,muon,13
821.0,2.0,other,0
822.0,0.0,proton,2212
822.0,1.0,proton,2212
823.0,0.0,muon,13
823.0,1.0,proton,2212
824.0,0.0,muon,13
824.0,1.0,pion,211
825.0,0.0,muon,13
825.0,1.0,other,0
825.0,2.0,other,0
826.0,0.0,muon,13
826.0,1.0,muon,13
827.0,0.0,muon,13
827.0,1.0,muon,13
828.0,0.0,muon,13
828.0,1.0,proton,2212
829.0,0.0,muon,13
829.0,1.0,muon,13
830.0,0.0,muon,13
830.0,1.0,proton,2212
831.0,0.0,muon,13
831.0,1.0,muon,13
832.0,0.0,muon,13
832.0,1.0,pion,211
833.0,0.0,muon,13
833.0,1.0,muon,13
834.0,0.0,muon,13
834.0,1.0,muon,13
835.0,0.0,muon,13
835.0,1.0,muon,13
836.0,0.0,muon,13
836.0,1.0,other,0
837.0,0.0,muon,13
837.0,1.0,other,0
838.0,0.0,muon,13
838.0,1.0,other,0
839.0,0.0,proton,2212
839.0,1.0,pion,211
840.0,0.0,other,0
840.0,1.0,proton,2212
841.0,0.0,muon,13
841.0,1.0,muon,13
841.0,2.0,proton,2212
842.0,0.0,muon,13
842.0,1.0,pion,211
843.0,0.0,muon,13
843.0,1.0,proton,2212
844.0,0.0,muon,13
844.0,1.0,muon,13
845.0,0.0,muon,13
845.0,1.0,electron,11
845.0,2.0,other,0
846.0,0.0,muon,13
846.0,1.0,pion,211
847.0,0.0,pion,211
847.0,1.0,pion,211
848.0,0.0,muon,13
848.0,1.0,pion,211
848.0,2.0,electron,11
849.0,0.0,muon,13
849.0,1.0,proton,2212
850.0,0.0,muon,13
850.0,1.0,muon,13
851.0,0.0,other,0
851.0,1.0,other,0
852.0,0.0,pion,211
852.0,1.0,other,0
853.0,0.0,muon,13
853.0,1.0,muon,13
854.0,0.0,muon,13
854.0,1.0,electron,11
855.0,0.0,proton,2212
855.0,1.0,pion,211
856.0,0.0,muon,13
856.0,1.0,electron,11
857.0,0.0,muon,13
857.0,1.0,pion,211
857.0,2.0,other,0
858.0,0.0,other,0
858.0,1.0,other,0
859.0,0.0,muon,13
859.0,1.0,muon,13
860.0,0.0,muon,13
860.0,1.0,muon,13
861.0,0.0,muon,13
861.0,1.0,muon,13
862.0,0.0,pion,211
862.0,1.0,pion,211
863.0,0.0,muon,13
863.0,1.0,other,0
864.0,0.0,muon,13
864.0,1.0,electron,11
865.0,0.0,pion,211
865.0,1.0,proton,2212
866.0,0.0,muon,13
866.0,1.0,other,0
867.0,0.0,pion,211
867.0,1.0,other,0
868.0,0.0,muon,13
868.0,1.0,muon,13
869.0,0.0,pion,211
869.0,1.0,muon,13
869.0,2.0,proton,2212
870.0,0.0,electron,11
870.0,1.0,electron,11
871.0,0.0,muon,13
871.0,1.0,pion,211
872.0,0.0,muon,13
872.0,1.0,muon,13
873.0,0.0,muon,13
873.0,1.0,other,0
874.0,0.0,muon,13
874.0,1.0,pion,211
875.0,0.0,muon,13
875.0,1.0,pion,211
876.0,0.0,muon,13
876.0,1.0,proton,2212
877.0,0.0,muon,13
877.0,1.0,proton,2212
878.0,0.0,muon,13
878.0,1.0,muon,13
879.0,0.0,muon,13
879.0,1.0,other,0
880.0,0.0,pion,211
880.0,1.0,pion,211
881.0,0.0,pion,211
881.0,1.0,pion,211
882.0,0.0,muon,13
882.0,1.0,electron,11
883.0,0.0,muon,13
883.0,1.0,pion,211
883.0,2.0,other,0
884.0,0.0,other,0
884.0,1.0,muon,13
884.0,2.0,pion,211
885.0,0.0,muon,13
885.0,1.0,proton,2212
886.0,0.0,muon,13
886.0,1.0,proton,2212
886.0,2.0,other,0
887.0,0.0,muon,13
887.0,1.0,other,0
888.0,0.0,muon,13
888.0,1.0,proton,2212
889.0,0.0,pion,211
889.0,1.0,proton,2212
890.0,0.0,muon,13
890.0,1.0,muon,13
891.0,0.0,muon,13
891.0,1.0,pion,211
892.0,0.0,muon,13
892.0,1.0,muon,13
893.0,0.0,muon,13
893.0,1.0,other,0
894.0,0.0,muon,13
894.0,1.0,muon,13
895.0,0.0,muon,13
895.0,1.0,pion,211
896.0,0.0,muon,13
896.0,1.0,pion,211
897.0,0.0,muon,13
897.0,1.0,muon,13
898.0,0.0,pion,211
898.0,1.0,pion,211
899.0,0.0,pion,211
899.0,1.0,pion,211
899.0,2.0,pion,211
900.0,0.0,muon,13
900.0,1.0,pion,211
901.0,0.0,pion,211
901.0,1.0,pion,211
902.0,0.0,muon,13
902.0,1.0,pion,211
903.0,0.0,proton,2212
903.0,1.0,electron,11
904.0,0.0,muon,13
904.0,1.0,muon,13
905.0,0.0,muon,13
905.0,1.0,muon,13
906.0,0.0,muon,13
906.0,1.0,pion,211
907.0,0.0,muon,13
907.0,1.0,proton,2212
908.0,0.0,pion,211
908.0,1.0,other,0
909.0,0.0,pion,211
909.0,1.0,other,0
910.0,0.0,pion,211
910.0,1.0,other,0
911.0,0.0,muon,13
911.0,1.0,pion,211
911.0,2.0,pion,211
912.0,0.0,muon,13
912.0,1.0,proton,2212
913.0,0.0,muon,13
913.0,1.0,pion,211
914.0,0.0,pion,211
914.0,1.0,other,0
915.0,0.0,muon,13
915.0,1.0,pion,211
916.0,0.0,muon,13
916.0,1.0,pion,211
917.0,0.0,muon,13
917.0,1.0,muon,13
918.0,0.0,muon,13
918.0,1.0,pion,211
919.0,0.0,muon,13
919.0,1.0,muon,13
920.0,0.0,pion,211
920.0,1.0,pion,211
921.0,0.0,pion,211
921.0,1.0,pion,211
922.0,0.0,muon,13
922.0,1.0,pion,211
923.0,0.0,muon,13
923.0,1.0,muon,13
924.0,0.0,muon,13
924.0,1.0,muon,13
925.0,0.0,muon,13
925.0,1.0,muon,13
926.0,0.0,muon,13
926.0,1.0,pion,211
927.0,0.0,muon,13
927.0,1.0,other,0
928.0,0.0,other,0
928.0,1.0,other,0
929.0,0.0,pion,211
929.0,1.0,electron,11
930.0,0.0,proton,2212
930.0,1.0,proton,2212
931.0,0.0,muon,13
931.0,1.0,muon,13
932.0,0.0,pion,211
932.0,1.0,proton,2212
932.0,2.0,pion,211
933.0,0.0,electron,11
933.0,1.0,other,0
934.0,0.0,muon,13
934.0,1.0,other,0
935.0,0.0,muon,13
935.0,1.0,proton,2212
936.0,0.0,muon,13
936.0,1.0,pion,211
936.0,2.0,proton,2212
937.0,0.0,proton,2212
937.0,1.0,pion,211
938.0,0.0,proton,2212
938.0,1.0,pion,211
939.0,0.0,other,0
939.0,1.0,electron,11
940.0,0.0,muon,13
940.0,1.0,pion,211
941.0,0.0,muon,13
941.0,1.0,proton,2212
942.0,0.0,pion,211
942.0,1.0,pion,211
943.0,0.0,muon,13
943.0,1.0,muon,13
943.0,2.0,electron,11
944.0,0.0,pion,211
944.0,1.0,pion,211
945.0,0.0,muon,13
945.0,1.0,muon,13
946.0,0.0,muon,13
946.0,1.0,other,0
947.0,0.0,muon,13
947.0,1.0,other,0
948.0,0.0,muon,13
948.0,1.0,pion,211
948.0,2.0,proton,2212
949.0,0.0,pion,211
949.0,1.0,other,0
950.0,0.0,proton,2212
950.0,1.0,pion,211
951.0,0.0,other,0
951.0,1.0,other,0
951.0,2.0,other,0
952.0,0.0,muon,13
952.0,1.0,muon,13
953.0,0.0,muon,13
953.0,1.0,proton,2212
954.0,0.0,muon,13
954.0,1.0,muon,13
955.0,0.0,muon,13
955.0,1.0,muon,13
956.0,0.0,muon,13
956.0,1.0,other,0
957.0,0.0,muon,13
957.0,1.0,proton,2212
958.0,0.0,pion,211
958.0,1.0,other,0
959.0,0.0,pion,211
959.0,1.0,electron,11
959.0,2.0,proton,2212
960.0,0.0,muon,13
960.0,1.0,proton,2212
961.0,0.0,pion,211
961.0,1.0,pion,211
962.0,0.0,other,0
962.0,1.0,other,0
963.0,0.0,muon,13
963.0,1.0,muon,13
964.0,0.0,muon,13
964.0,1.0,proton,2212
965.0,0.0,muon,13
965.0,1.0,muon,13
966.0,0.0,muon,13
966.0,1.0,other,0
967.0,0.0,electron,11
967.0,1.0,proton,2212
968.0,0.0,muon,13
968.0,1.0,other,0
968.0,2.0,muon,13
969.0,0.0,muon,13
969.0,1.0,proton,2212
970.0,0.0,pion,211
970.0,1.0,pion,211
971.0,0.0,muon,13
971.0,1.0,other,0
972.0,0.0,proton,2212
972.0,1.0,proton,2212
973.0,0.0,muon,13
973.0,1.0,pion,211
974.0,0.0,pion,211
974.0,1.0,muon,13
975.0,0.0,muon,13
975.0,1.0,pion,211
976.0,0.0,proton,2212
976.0,1.0,other,0
977.0,0.0,muon,13
977.0,1.0,muon,13
978.0,0.0,muon,13
978.0,1.0,muon,13
979.0,0.0,muon,13
979.0,1.0,pion,211
980.0,0.0,electron,11
980.0,1.0,other,0
981.0,0.0,pion,211
981.0,1.0,other,0
982.0,0.0,muon,13
982.0,1.0,muon,13
983.0,0.0,muon,13
983.0,1.0,pion,211
984.0,0.0,muon,13
984.0,1.0,pion,211
985.0,0.0,pion,211
985.0,1.0,proton,2212
986.0,0.0,muon,13
986.0,1.0,muon,13
987.0,0.0,muon,13
987.0,1.0,pion,211
988.0,0.0,other,0
988.0,1.0,electron,11
989.0,0.0,pion,211
989.0,1.0,proton,2212
990.0,0.0,muon,13
990.0,1.0,proton,2212
991.0,0.0,muon,13
991.0,1.0,proton,2212
992.0,0.0,muon,13
992.0,1.0,muon,13
993.0,0.0,pion,211
993.0,1.0,other,0
994.0,0.0,proton,2212
994.0,1.0,pion,211
995.0,0.0,proton,2212
995.0,1.0,other,0
996.0,0.0,muon,13
996.0,1.0,proton,2212
997.0,0.0,muon,13
997.0,1.0,proton,2212
998.0,0.0,proton,2212
998.0,1.0,other,0
999.0,0.0,electron,11
999.0,1.0,electron,11
1000.0,0.0,muon,13
1000.0,1.0,other,0
1001.0,0.0,proton,2212
1001.0,1.0,proton,2212
1001.0,2.0,proton,2212
1002.0,0.0,muon,13
1002.0,1.0,pion,211
1003.0,0.0,muon,13
1003.0,1.0,muon,13
1004.0,0.0,muon,13
1004.0,1.0,other,0
1005.0,0.0,proton,2212
1005.0,1.0,pion,211
1006.0,0.0,muon,13
1006.0,1.0,muon,13
1007.0,0.0,muon,13
1007.0,1.0,pion,211
1008.0,0.0,pion,211
1008.0,1.0,other,0
1009.0,0.0,muon,13
1009.0,1.0,proton,2212
1010.0,0.0,other,0
1010.0,1.0,proton,2212
1011.0,0.0,proton,2212
1011.0,1.0,muon,13
1012.0,0.0,pion,211
1012.0,1.0,muon,13
1013.0,0.0,muon,13
1013.0,1.0,pion,211
1014.0,0.0,muon,13
1014.0,1.0,electron,11
1015.0,0.0,other,0
1015.0,1.0,other,0
1016.0,0.0,muon,13
1016.0,1.0,muon,13
1017.0,0.0,muon,13
1017.0,1.0,muon,13
1018.0,0.0,pion,211
1018.0,1.0,pion,211
1019.0,0.0,pion,211
1019.0,1.0,pion,211
1020.0,0.0,muon,13
1020.0,1.0,muon,13
1021.0,0.0,pion,211
1021.0,1.0,pion,211
1022.0,0.0,muon,13
1022.0,1.0,other,0
1023.0,0.0,pion,211
1023.0,1.0,pion,211
1024.0,0.0,muon,13
1024.0,1.0,proton,2212
1025.0,0.0,muon,13
1025.0,1.0,muon,13
1026.0,0.0,muon,13
1026.0,1.0,muon,13
1026.0,2.0,proton,2212
1027.0,0.0,pion,211
1027.0,1.0,other,0
1028.0,0.0,muon,13
1028.0,1.0,pion,211
1029.0,0.0,muon,13
1029.0,1.0,muon,13
1030.0,0.0,muon,13
1030.0,1.0,electron,11
1030.0,2.0,other,0
1031.0,0.0,muon,13
1031.0,1.0,muon,13
1031.0,2.0,pion,211
1032.0,0.0,pion,211
1032.0,1.0,pion,211
1033.0,0.0,muon,13
1033.0,1.0,proton,2212
1034.0,0.0,muon,13
1034.0,1.0,proton,2212
1035.0,0.0,other,0
1035.0,1.0,pion,211
1036.0,0.0,muon,13
1036.0,1.0,proton,2212
1037.0,0.0,muon,13
1037.0,1.0,electron,11
1038.0,0.0,proton,2212
1038.0,1.0,other,0
1039.0,0.0,muon,13
1039.0,1.0,muon,13
1040.0,0.0,muon,13
1040.0,1.0,muon,13
1041.0,0.0,muon,13
1041.0,1.0,pion,211
1042.0,0.0,muon,13
1042.0,1.0,muon,13
1043.0,0.0,muon,13
1043.0,1.0,other,0
1044.0,0.0,muon,13
1044.0,1.0,pion,211
1045.0,0.0,other,0
1045.0,1.0,other,0
1046.0,0.0,pion,211
1046.0,1.0,other,0
1047.0,0.0,muon,13
1047.0,1.0,other,0
1048.0,0.0,pion,211
1048.0,1.0,proton,2212
1049.0,0.0,other,0
1049.0,1.0,other,0
1050.0,0.0,muon,13
1050.0,1.0,muon,13
1051.0,0.0,muon,13
1051.0,1.0,muon,13
1052.0,0.0,pion,211
1052.0,1.0,pion,211
1053.0,0.0,muon,13
1053.0,1.0,muon,13
1054.0,0.0,muon,13
1054.0,1.0,proton,2212
1055.0,0.0,pion,211
1055.0,1.0,pion,211
1056.0,0.0,muon,13
1056.0,1.0,muon,13
1056.0,2.0,pion,211
1057.0,0.0,muon,13
1057.0,1.0,pion,211
1058.0,0.0,muon,13
1058.0,1.0,other,0
1058.0,2.0,proton,2212
1059.0,0.0,pion,211
1059.0,1.0,pion,211
1060.0,0.0,other,0
1060.0,1.0,pion,211
1061.0,0.0,muon,13
1061.0,1.0,pion,211
1062.0,0.0,pion,211
1062.0,1.0,other,0
1063.0,0.0,pion,211
1063.0,1.0,pion,211
1064.0,0.0,muon,13
1064.0,1.0,muon,13
1064.0,2.0,pion,211
1065.0,0.0,other,0
1065.0,1.0,pion,211
1066.0,0.0,muon,13
1066.0,1.0,muon,13
1067.0,0.0,muon,13
1067.0,1.0,proton,2212
1068.0,0.0,muon,13
1068.0,1.0,pion,211
1069.0,0.0,muon,13
1069.0,1.0,other,0
1070.0,0.0,pion,211
1070.0,1.0,proton,2212
1071.0,0.0,muon,13
1071.0,1.0,proton,2212
1072.0,0.0,pion,211
1072.0,1.0,pion,211
1073.0,0.0,pion,211
1073.0,1.0,pion,211
1074.0,0.0,muon,13
1074.0,1.0,other,0
1075.0,0.0,muon,13
1075.0,1.0,muon,13
1076.0,0.0,pion,211
1076.0,1.0,proton,2212
1077.0,0.0,electron,11
1077.0,1.0,proton,2212
1078.0,0.0,muon,13
1078.0,1.0,other,0
1079.0,0.0,other,0
1079.0,1.0,proton,2212
1079.0,2.0,other,0
1080.0,0.0,other,0
1080.0,1.0,pion,211
1081.0,0.0,muon,13
1081.0,1.0,proton,2212
1081.0,2.0,pion,211
1082.0,0.0,muon,13
1082.0,1.0,pion,211
1083.0,0.0,electron,11
1083.0,1.0,other,0
1084.0,0.0,muon,13
1084.0,1.0,muon,13
1084.0,2.0,muon,13
1085.0,0.0,muon,13
1085.0,1.0,other,0
1086.0,0.0,muon,13
1086.0,1.0,muon,13
1087.0,0.0,muon,13
1087.0,1.0,pion,211
1088.0,0.0,muon,13
1088.0,1.0,proton,2212
1089.0,0.0,muon,13
1089.0,1.0,pion,211
1090.0,0.0,muon,13
1090.0,1.0,proton,2212
1091.0,0.0,pion,211
1091.0,1.0,other,0
1092.0,0.0,pion,211
1092.0,1.0,proton,2212
1093.0,0.0,muon,13
1093.0,1.0,pion,211
1094.0,0.0,muon,13
1094.0,1.0,muon,13
1095.0,0.0,muon,13
1095.0,1.0,proton,2212
1096.0,0.0,electron,11
1096.0,1.0,other,0
1097.0,0.0,muon,13
1097.0,1.0,pion,211
1098.0,0.0,muon,13
1098.0,1.0,muon,13
1098.0,2.0,proton,2212
1099.0,0.0,muon,13
1099.0,1.0,pion,211
1100.0,0.0,muon,13
1100.0,1.0,pion,211
1101.0,0.0,other,0
1101.0,1.0,other,0
1102.0,0.0,muon,13
1102.0,1.0,muon,13
1103.0,0.0,other,0
1103.0,1.0,pion,211
1104.0,0.0,muon,13
1104.0,1.0,pion,211
1104.0,2.0,other,0
1105.0,0.0,other,0
1105.0,1.0,other,0
1106.0,0.0,proton,2212
1106.0,1.0,proton,2212
1107.0,0.0,pion,211
1107.0,1.0,pion,211
1108.0,0.0,muon,13
1108.0,1.0,electron,11
1109.0,0.0,muon,13
1109.0,1.0,muon,13
1110.0,0.0,other,0
1110.0,1.0,other,0
1111.0,0.0,muon,13
1111.0,1.0,muon,13
1112.0,0.0,muon,13
1112.0,1.0,pion,211
1113.0,0.0,electron,11
1113.0,1.0,electron,11
1114.0,0.0,muon,13
1114.0,1.0,proton,2212
1115.0,0.0,muon,13
1115.0,1.0,muon,13
1116.0,0.0,muon,13
1116.0,1.0,pion,211
1117.0,0.0,pion,211
1117.0,1.0,proton,2212
1118.0,0.0,pion,211
1118.0,1.0,pion,211
1119.0,0.0,muon,13
1119.0,1.0,muon,13
1120.0,0.0,proton,2212
1120.0,1.0,proton,2212
1121.0,0.0,pion,211
1121.0,1.0,pion,211
1122.0,0.0,muon,13
1122.0,1.0,pion,211
1123.0,0.0,proton,2212
1123.0,1.0,electron,11
1124.0,0.0,muon,13
1124.0,1.0,other,0
1125.0,0.0,proton,2212
1125.0,1.0,proton,2212
1126.0,0.0,muon,13
1126.0,1.0,pion,211
1127.0,0.0,muon,13
1127.0,1.0,other,0
1128.0,0.0,other,0
1128.0,1.0,proton,2212
1129.0,0.0,proton,2212
1129.0,1.0,other,0
1130.0,0.0,pion,211
1130.0,1.0,proton,2212
1131.0,0.0,muon,13
1131.0,1.0,muon,13
1132.0,0.0,muon,13
1132.0,1.0,proton,2212
1133.0,0.0,muon,13
1133.0,1.0,proton,2212
1134.0,0.0,muon,13
1134.0,1.0,proton,2212
1135.0,0.0,muon,13
1135.0,1.0,proton,2212
1136.0,0.0,muon,13
1136.0,1.0,pion,211
1137.0,0.0,other,0
1137.0,1.0,pion,211
1138.0,0.0,pion,211
1138.0,1.0,proton,2212
1139.0,0.0,muon,13
1139.0,1.0,pion,211
1139.0,2.0,pion,211
1140.0,0.0,pion,211
1140.0,1.0,electron,11
1141.0,0.0,muon,13
1141.0,1.0,proton,2212
1142.0,0.0,muon,13
1142.0,1.0,pion,211
1143.0,0.0,muon,13
1143.0,1.0,muon,13
1144.0,0.0,muon,13
1144.0,1.0,proton,2212
1145.0,0.0,proton,2212
1145.0,1.0,other,0
1146.0,0.0,proton,2212
1146.0,1.0,proton,2212
1147.0,0.0,muon,13
1147.0,1.0,other,0
1147.0,2.0,pion,211
1148.0,0.0,proton,2212
1148.0,1.0,proton,2212
1149.0,0.0,muon,13
1149.0,1.0,other,0
1150.0,0.0,pion,211
1150.0,1.0,pion,211
1151.0,0.0,pion,211
1151.0,1.0,pion,211
1152.0,0.0,muon,13
1152.0,1.0,muon,13
1153.0,0.0,muon,13
1153.0,1.0,pion,211
1154.0,0.0,muon,13
1154.0,1.0,muon,13
1154.0,2.0,pion,211
1155.0,0.0,muon,13
1155.0,1.0,proton,2212
1156.0,0.0,muon,13
1156.0,1.0,proton,2212
1156.0,2.0,proton,2212
1157.0,0.0,other,0
1157.0,1.0,other,0
1158.0,0.0,muon,13
1158.0,1.0,muon,13
1158.0,2.0,proton,2212
1159.0,0.0,proton,2212
1159.0,1.0,proton,2212
1160.0,0.0,muon,13
1160.0,1.0,muon,13
1160.0,2.0,muon,13
1161.0,0.0,muon,13
1161.0,1.0,muon,13
1162.0,0.0,muon,13
1162.0,1.0,other,0
1163.0,0.0,pion,211
1163.0,1.0,proton,2212
1164.0,0.0,muon,13
1164.0,1.0,pion,211
1165.0,0.0,muon,13
1165.0,1.0,pion,211
1166.0,0.0,muon,13
1166.0,1.0,other,0
1167.0,0.0,muon,13
1167.0,1.0,pion,211
1168.0,0.0,muon,13
1168.0,1.0,muon,13
1169.0,0.0,muon,13
1169.0,1.0,other,0
1170.0,0.0,muon,13
1170.0,1.0,other,0
1171.0,0.0,muon,13
1171.0,1.0,proton,2212
1172.0,0.0,muon,13
1172.0,1.0,pion,211
1173.0,0.0,muon,13
1173.0,1.0,pion,211
1174.0,0.0,muon,13
1174.0,1.0,other,0
1175.0,0.0,muon,13
1175.0,1.0,muon,13
1176.0,0.0,muon,13
1176.0,1.0,muon,13
1176.0,2.0,pion,211
1177.0,0.0,muon,13
1177.0,1.0,muon,13
1178.0,0.0,proton,2212
1178.0,1.0,muon,13
1179.0,0.0,other,0
1179.0,1.0,pion,211
1180.0,0.0,muon,13
1180.0,1.0,muon,13
1181.0,0.0,other,0
1181.0,1.0,proton,2212
1182.0,0.0,other,0
1182.0,1.0,pion,211
1182.0,2.0,other,0
1183.0,0.0,muon,13
1183.0,1.0,other,0
1184.0,0.0,pion,211
1184.0,1.0,proton,2212
1185.0,0.0,muon,13
1185.0,1.0,muon,13
1186.0,0.0,electron,11
1186.0,1.0,electron,11
1187.0,0.0,pion,211
1187.0,1.0,pion,211
1188.0,0.0,muon,13
1188.0,1.0,muon,13
1189.0,0.0,muon,13
1189.0,1.0,proton,2212
1190.0,0.0,muon,13
1190.0,1.0,muon,13
1191.0,0.0,muon,13
1191.0,1.0,muon,13
1191.0,2.0,pion,211
1192.0,0.0,muon,13
1192.0,1.0,proton,2212
1193.0,0.0,pion,211
1193.0,1.0,pion,211
1194.0,0.0,proton,2212
1194.0,1.0,other,0
1195.0,0.0,muon,13
1195.0,1.0,muon,13
1196.0,0.0,muon,13
1196.0,1.0,proton,2212
1197.0,0.0,muon,13
1197.0,1.0,other,0
1198.0,0.0,muon,13
1198.0,1.0,muon,13
1199.0,0.0,muon,13
1199.0,1.0,muon,13
1200.0,0.0,muon,13
1200.0,1.0,other,0
1201.0,0.0,pion,211
1201.0,1.0,pion,211
1202.0,0.0,other,0
1202.0,1.0,proton,2212
1203.0,0.0,muon,13
1203.0,1.0,other,0
1204.0,0.0,muon,13
1204.0,1.0,other,0
1205.0,0.0,proton,2212
1205.0,1.0,proton,2212
1206.0,0.0,muon,13
1206.0,1.0,muon,13
1206.0,2.0,muon,13
1207.0,0.0,proton,2212
1207.0,1.0,pion,211
1207.0,2.0,other,0
1208.0,0.0,muon,13
1208.0,1.0,muon,13
1209.0,0.0,muon,13
1209.0,1.0,proton,2212
1210.0,0.0,pion,211
1210.0,1.0,pion,211
1211.0,0.0,other,0
1211.0,1.0,pion,211
1212.0,0.0,muon,13
1212.0,1.0,proton,2212
1212.0,2.0,proton,2212
1213.0,0.0,muon,13
1213.0,1.0,pion,211
1214.0,0.0,pion,211
1214.0,1.0,other,0
1215.0,0.0,muon,13
1215.0,1.0,pion,211
1216.0,0.0,pion,211
1216.0,1.0,pion,211
1217.0,0.0,electron,11
1217.0,1.0,other,0
1218.0,0.0,muon,13
1218.0,1.0,muon,13
1219.0,0.0,pion,211
1219.0,1.0,proton,2212
1220.0,0.0,muon,13
1220.0,1.0,other,0
1221.0,0.0,muon,13
1221.0,1.0,muon,13
1222.0,0.0,electron,11
1222.0,1.0,pion,211
1223.0,0.0,muon,13
1223.0,1.0,muon,13
1224.0,0.0,muon,13
1224.0,1.0,proton,2212
1224.0,2.0,electron,11
1225.0,0.0,muon,13
1225.0,1.0,muon,13
1226.0,0.0,proton,2212
1226.0,1.0,pion,211
1226.0,2.0,muon,13
1227.0,0.0,muon,13
1227.0,1.0,muon,13
1228.0,0.0,other,0
1228.0,1.0,other,0
1229.0,0.0,other,0
1229.0,1.0,other,0
1230.0,0.0,muon,13
1230.0,1.0,muon,13
1231.0,0.0,pion,211
1231.0,1.0,proton,2212
1232.0,0.0,muon,13
1232.0,1.0,proton,2212
1233.0,0.0,proton,2212
1233.0,1.0,pion,211
1234.0,0.0,muon,13
1234.0,1.0,muon,13
1235.0,0.0,proton,2212
1235.0,1.0,electron,11
1236.0,0.0,muon,13
1236.0,1.0,proton,2212
1236.0,2.0,pion,211
1237.0,0.0,other,0
1237.0,1.0,proton,2212
1238.0,0.0,pion,211
1238.0,1.0,other,0
1239.0,0.0,muon,13
1239.0,1.0,pion,211
1240.0,0.0,muon,13
1240.0,1.0,muon,13
1241.0,0.0,muon,13
1241.0,1.0,muon,13
1242.0,0.0,pion,211
1242.0,1.0,proton,2212
1242.0,2.0,pion,211
1243.0,0.0,pion,211
1243.0,1.0,pion,211
1244.0,0.0,muon,13
1244.0,1.0,proton,2212
1245.0,0.0,other,0
1245.0,1.0,pion,211
1246.0,0.0,muon,13
1246.0,1.0,pion,211
1247.0,0.0,muon,13
1247.0,1.0,muon,13
1248.0,0.0,pion,211
1248.0,1.0,proton,2212
1249.0,0.0,muon,13
1249.0,1.0,pion,211
1250.0,0.0,pion,211
1250.0,1.0,pion,211
1251.0,0.0,pion,211
1251.0,1.0,pion,211
1252.0,0.0,muon,13
1252.0,1.0,muon,13
1252.0,2.0,pion,211
1253.0,0.0,muon,13
1253.0,1.0,muon,13
1253.0,2.0,pion,211
1254.0,0.0,pion,211
1254.0,1.0,other,0
1255.0,0.0,muon,13
1255.0,1.0,other,0
1256.0,0.0,muon,13
1256.0,1.0,proton,2212
1256.0,2.0,pion,211
1257.0,0.0,muon,13
1257.0,1.0,proton,2212
1258.0,0.0,other,0
1258.0,1.0,pion,211
1259.0,0.0,muon,13
1259.0,1.0,muon,13
1260.0,0.0,pion,211
1260.0,1.0,pion,211
1261.0,0.0,muon,13
1261.0,1.0,pion,211
1262.0,0.0,muon,13
1262.0,1.0,muon,13
1263.0,0.0,muon,13
1263.0,1.0,proton,2212
1264.0,0.0,muon,13
1264.0,1.0,muon,13
1265.0,0.0,proton,2212
1265.0,1.0,pion,211
1266.0,0.0,muon,13
1266.0,1.0,pion,211
1267.0,0.0,muon,13
1267.0,1.0,pion,211
1268.0,0.0,muon,13
1268.0,1.0,proton,2212
1268.0,2.0,muon,13
1269.0,0.0,pion,211
1269.0,1.0,pion,211
1270.0,0.0,pion,211
1270.0,1.0,pion,211
1271.0,0.0,proton,2212
1271.0,1.0,electron,11
1272.0,0.0,proton,2212
1272.0,1.0,pion,211
1273.0,0.0,pion,211
1273.0,1.0,other,0
1274.0,0.0,other,0
1274.0,1.0,pion,211
1275.0,0.0,other,0
1275.0,1.0,pion,211
1276.0,0.0,muon,13
1276.0,1.0,proton,2212
1277.0,0.0,muon,13
1277.0,1.0,muon,13
1278.0,0.0,proton,2212
1278.0,1.0,pion,211
1279.0,0.0,pion,211
1279.0,1.0,pion,211
1280.0,0.0,muon,13
1280.0,1.0,muon,13
1281.0,0.0,muon,13
1281.0,1.0,proton,2212
1282.0,0.0,muon,13
1282.0,1.0,pion,211
1283.0,0.0,pion,211
1283.0,1.0,other,0
1284.0,0.0,muon,13
1284.0,1.0,electron,11
1285.0,0.0,muon,13
1285.0,1.0,pion,211
1286.0,0.0,muon,13
1286.0,1.0,muon,13
1287.0,0.0,muon,13
1287.0,1.0,muon,13
1288.0,0.0,electron,11
1288.0,1.0,electron,11
1289.0,0.0,muon,13
1289.0,1.0,muon,13
1290.0,0.0,pion,211
1290.0,1.0,other,0
1291.0,0.0,electron,11
1291.0,1.0,pion,211
1292.0,0.0,proton,2212
1292.0,1.0,muon,13
1293.0,0.0,muon,13
1293.0,1.0,muon,13
1294.0,0.0,muon,13
1294.0,1.0,pion,211
1295.0,0.0,muon,13
1295.0,1.0,muon,13
1296.0,0.0,muon,13
1296.0,1.0,muon,13
1297.0,0.0,other,0
1297.0,1.0,proton,2212
1298.0,0.0,electron,11
1298.0,1.0,electron,11
1299.0,0.0,muon,13
1299.0,1.0,other,0
1300.0,0.0,other,0
1300.0,1.0,other,0
1300.0,2.0,other,0
1301.0,0.0,muon,13
1301.0,1.0,other,0
1302.0,0.0,pion,211
1302.0,1.0,pion,211
1303.0,0.0,muon,13
1303.0,1.0,muon,13
1303.0,2.0,proton,2212
1304.0,0.0,muon,13
1304.0,1.0,proton,2212
1305.0,0.0,muon,13
1305.0,1.0,pion,211
1306.0,0.0,muon,13
1306.0,1.0,pion,211
1307.0,0.0,muon,13
1307.0,1.0,pion,211
1308.0,0.0,muon,13
1308.0,1.0,muon,13
1309.0,0.0,proton,2212
1309.0,1.0,electron,11
1310.0,0.0,muon,13
1310.0,1.0,muon,13
1311.0,0.0,muon,13
1311.0,1.0,proton,2212
1312.0,0.0,muon,13
1312.0,1.0,other,0
1313.0,0.0,muon,13
1313.0,1.0,muon,13
1314.0,0.0,muon,13
1314.0,1.0,pion,211
1315.0,0.0,muon,13
1315.0,1.0,muon,13
1316.0,0.0,muon,13
1316.0,1.0,pion,211
1317.0,0.0,muon,13
1317.0,1.0,pion,211
1318.0,0.0,muon,13
1318.0,1.0,pion,211
1319.0,0.0,muon,13
1319.0,1.0,muon,13
1320.0,0.0,muon,13
1320.0,1.0,muon,13
1321.0,0.0,muon,13
1321.0,1.0,muon,13
1322.0,0.0,proton,2212
1322.0,1.0,other,0
1323.0,0.0,muon,13
1323.0,1.0,other,0
1324.0,0.0,muon,13
1324.0,1.0,pion,211
1325.0,0.0,muon,13
1325.0,1.0,muon,13
1326.0,0.0,other,0
1326.0,1.0,other,0
1327.0,0.0,muon,13
1327.0,1.0,muon,13
1328.0,0.0,muon,13
1328.0,1.0,other,0
1329.0,0.0,other,0
1329.0,1.0,muon,13
1329.0,2.0,other,0
1330.0,0.0,muon,13
1330.0,1.0,muon,13
1330.0,2.0,proton,2212
1331.0,0.0,pion,211
1331.0,1.0,pion,211
1332.0,0.0,other,0
1332.0,1.0,proton,2212
1333.0,0.0,muon,13
1333.0,1.0,other,0
1334.0,0.0,muon,13
1334.0,1.0,proton,2212
1335.0,0.0,muon,13
1335.0,1.0,proton,2212
1336.0,0.0,pion,211
1336.0,1.0,electron,11
1337.0,0.0,muon,13
1337.0,1.0,pion,211
1338.0,0.0,muon,13
1338.0,1.0,proton,2212
1339.0,0.0,other,0
1339.0,1.0,pion,211
1340.0,0.0,muon,13
1340.0,1.0,pion,211
1341.0,0.0,muon,13
1341.0,1.0,muon,13
1342.0,0.0,other,0
1342.0,1.0,other,0
1343.0,0.0,muon,13
1343.0,1.0,pion,211
1344.0,0.0,pion,211
1344.0,1.0,pion,211
1345.0,0.0,muon,13
1345.0,1.0,muon,13
1346.0,0.0,muon,13
1346.0,1.0,muon,13
1347.0,0.0,muon,13
1347.0,1.0,pion,211
1348.0,0.0,proton,2212
1348.0,1.0,pion,211
1349.0,0.0,other,0
1349.0,1.0,other,0
1350.0,0.0,muon,13
1350.0,1.0,pion,211
1350.0,2.0,proton,2212
1351.0,0.0,pion,211
1351.0,1.0,pion,211
1352.0,0.0,muon,13
1352.0,1.0,pion,211
1352.0,2.0,pion,211
1353.0,0.0,muon,13
1353.0,1.0,muon,13
1353.0,2.0,pion,211
1354.0,0.0,other,0
1354.0,1.0,other,0
1355.0,0.0,muon,13
1355.0,1.0,pion,211
1355.0,2.0,pion,211
1356.0,0.0,muon,13
1356.0,1.0,muon,13
1357.0,0.0,other,0
1357.0,1.0,other,0
1358.0,0.0,muon,13
1358.0,1.0,other,0
1359.0,0.0,pion,211
1359.0,1.0,pion,211
1359.0,2.0,other,0
1360.0,0.0,pion,211
1360.0,1.0,other,0
1361.0,0.0,muon,13
1361.0,1.0,proton,2212
1362.0,0.0,pion,211
1362.0,1.0,other,0
1363.0,0.0,muon,13
1363.0,1.0,muon,13
1364.0,0.0,proton,2212
1364.0,1.0,pion,211
1365.0,0.0,muon,13
1365.0,1.0,pion,211
1365.0,2.0,proton,2212
1366.0,0.0,muon,13
1366.0,1.0,proton,2212
1367.0,0.0,muon,13
1367.0,1.0,proton,2212
1368.0,0.0,muon,13
1368.0,1.0,muon,13
1369.0,0.0,muon,13
1369.0,1.0,proton,2212
1370.0,0.0,other,0
1370.0,1.0,other,0
1371.0,0.0,muon,13
1371.0,1.0,other,0
1372.0,0.0,pion,211
1372.0,1.0,pion,211
1373.0,0.0,muon,13
1373.0,1.0,pion,211
1374.0,0.0,proton,2212
1374.0,1.0,proton,2212
1375.0,0.0,muon,13
1375.0,1.0,muon,13
1375.0,2.0,pion,211
1376.0,0.0,muon,13
1376.0,1.0,muon,13
1377.0,0.0,pion,211
1377.0,1.0,pion,211
1378.0,0.0,pion,211
1378.0,1.0,electron,11
1379.0,0.0,muon,13
1379.0,1.0,muon,13
